asset_1,asset_2,average_rolling_correlation,relationship,diversification_score
BTC,ETH,0.8343746121992116,Strong Positive Correlation,0.1656253878007884
BNB,ETH,0.7290563968278347,Strong Positive Correlation,0.27094360317216526
MSFT,SPY,0.7269332160985847,Strong Positive Correlation,0.27306678390141526
ETH,XRP,0.7254141004952432,Strong Positive Correlation,0.27458589950475676
BNB,BTC,0.7012162351193616,Strong Positive Correlation,0.2987837648806384
ETH,SOL,0.6971805912022178,Moderate Positive Correlation,0.30281940879778224
BTC,XRP,0.6917191701850564,Moderate Positive Correlation,0.30828082981494365
GOOGL,SPY,0.6852928850100966,Moderate Positive Correlation,0.31470711498990345
AAPL,SPY,0.6825636195426522,Moderate Positive Correlation,0.3174363804573478
BTC,SOL,0.6601208657288822,Moderate Positive Correlation,0.3398791342711178
AMZN,SPY,0.6525550042481504,Moderate Positive Correlation,0.3474449957518496
NVDA,SPY,0.651796818052702,Moderate Positive Correlation,0.34820318194729805
AMZN,MSFT,0.6413771606142299,Moderate Positive Correlation,0.3586228393857701
SPY,V,0.6404935335659767,Moderate Positive Correlation,0.3595064664340233
GOOGL,MSFT,0.63108998792643,Moderate Positive Correlation,0.36891001207357
BNB,SOL,0.6222996043966456,Moderate Positive Correlation,0.37770039560335444
BNB,XRP,0.6110417715014296,Moderate Positive Correlation,0.3889582284985704
AMZN,GOOGL,0.6104412375757664,Moderate Positive Correlation,0.3895587624242336
JPM,SPY,0.6038573552796359,Moderate Positive Correlation,0.3961426447203641
META,SPY,0.603245699005124,Moderate Positive Correlation,0.39675430099487596
SOL,XRP,0.5966881065777824,Moderate Positive Correlation,0.4033118934222176
AMZN,META,0.5919273550814925,Moderate Positive Correlation,0.4080726449185075
MSFT,NVDA,0.5916293411187409,Moderate Positive Correlation,0.4083706588812591
GOOGL,META,0.5845112319321661,Moderate Positive Correlation,0.41548876806783386
AAPL,MSFT,0.5833944312291676,Moderate Positive Correlation,0.41660556877083244
META,MSFT,0.5677240992070395,Moderate Positive Correlation,0.4322759007929605
AAPL,GOOGL,0.5569218458360307,Moderate Positive Correlation,0.44307815416396934
AMZN,NVDA,0.5363019284500262,Moderate Positive Correlation,0.4636980715499738
AAPL,AMZN,0.5325867548977722,Moderate Positive Correlation,0.4674132451022278
GOOGL,NVDA,0.5133983782069929,Moderate Positive Correlation,0.48660162179300714
MSFT,V,0.5029389721568643,Moderate Positive Correlation,0.49706102784313566
AAPL,NVDA,0.49991715436740936,Moderate Positive Correlation,0.5000828456325906
META,NVDA,0.49164754356078555,Moderate Positive Correlation,0.5083524564392145
SPY,TSLA,0.48272717957617517,Moderate Positive Correlation,0.5172728204238248
AAPL,META,0.4751207138491886,Moderate Positive Correlation,0.5248792861508114
AAPL,V,0.45311346840378747,Moderate Positive Correlation,0.5468865315962126
JPM,V,0.45092749104001295,Moderate Positive Correlation,0.549072508959987
GOOGL,V,0.4476585929445569,Moderate Positive Correlation,0.5523414070554431
AMZN,V,0.41988608432128105,Moderate Positive Correlation,0.580113915678719
NVDA,TSLA,0.41498971682622243,Moderate Positive Correlation,0.5850102831737776
AAPL,TSLA,0.3993883087058436,Weak Correlation,0.6006116912941564
META,V,0.39655766964385275,Weak Correlation,0.6034423303561472
AMZN,TSLA,0.3850717833586445,Weak Correlation,0.6149282166413554
MSFT,TSLA,0.37270734237293734,Weak Correlation,0.6272926576270627
GOOGL,TSLA,0.3692986045428563,Weak Correlation,0.6307013954571437
NVDA,V,0.3673809280294566,Weak Correlation,0.6326190719705433
META,TSLA,0.33513165082015495,Weak Correlation,0.664868349179845
GOOGL,JPM,0.3277787236486823,Weak Correlation,0.6722212763513177
AAPL,JPM,0.3191687178289332,Weak Correlation,0.6808312821710668
JPM,NVDA,0.30323922573283757,Weak Correlation,0.6967607742671624
JPM,MSFT,0.30247833064487456,Weak Correlation,0.6975216693551254
SOL,SPY,0.3005208474302578,Weak Correlation,0.6994791525697421
TSLA,V,0.2902516951453089,Weak Correlation,0.7097483048546911
AMZN,JPM,0.28201468422739184,Weak Correlation,0.7179853157726082
JPM,META,0.27191590341648014,Weak Correlation,0.7280840965835198
ETH,SPY,0.2672652683546836,Weak Correlation,0.7327347316453163
JPM,TSLA,0.2602259181226831,Weak Correlation,0.7397740818773169
BTC,SPY,0.25654666913136637,Weak Correlation,0.7434533308686336
SOL,TSLA,0.24086188637814795,Weak Correlation,0.759138113621852
SPY,XRP,0.23424479089187294,Weak Correlation,0.765755209108127
NVDA,SOL,0.23423728902786,Weak Correlation,0.76576271097214
GOOGL,SOL,0.2331806009551433,Weak Correlation,0.7668193990448566
BNB,SPY,0.22050598011535716,Weak Correlation,0.7794940198846428
MSFT,SOL,0.2182344564873248,Weak Correlation,0.7817655435126751
AMZN,SOL,0.21761242753493465,Weak Correlation,0.7823875724650653
ETH,NVDA,0.21656667658154957,Weak Correlation,0.7834333234184504
ETH,GOOGL,0.21178536646569274,Weak Correlation,0.7882146335343072
BTC,NVDA,0.2088306587885299,Weak Correlation,0.7911693412114701
ETH,MSFT,0.2051045285637242,Weak Correlation,0.7948954714362758
BTC,TSLA,0.20434095891486745,Weak Correlation,0.7956590410851325
META,SOL,0.19965679352138094,Weak Correlation,0.8003432064786191
BTC,GOOGL,0.1982279025790788,Weak Correlation,0.8017720974209213
BTC,MSFT,0.1980449505739704,Weak Correlation,0.8019550494260296
ETH,TSLA,0.19066836400112763,Weak Correlation,0.8093316359988724
AMZN,BTC,0.18841973770358605,Weak Correlation,0.8115802622964139
JPM,SOL,0.18721649684299455,Weak Correlation,0.8127835031570054
AAPL,SOL,0.1866226352871266,Weak Correlation,0.8133773647128734
TSLA,XRP,0.1860726005178737,Weak Correlation,0.8139273994821263
AMZN,ETH,0.1833422497463053,Weak Correlation,0.8166577502536947
SOL,V,0.18096822586495825,Weak Correlation,0.8190317741350417
MSFT,XRP,0.17991774519637543,Weak Correlation,0.8200822548036246
ETH,META,0.17730631876335934,Weak Correlation,0.8226936812366407
BTC,META,0.1765228745367751,Weak Correlation,0.8234771254632249
AAPL,ETH,0.17419670823342526,Weak Correlation,0.8258032917665747
ETH,V,0.17152215768515716,Weak Correlation,0.8284778423148429
BNB,NVDA,0.17134779531986616,Weak Correlation,0.8286522046801339
GOOGL,XRP,0.17048900557316748,Weak Correlation,0.8295109944268325
BNB,META,0.16956451071952305,Weak Correlation,0.830435489280477
NVDA,XRP,0.16884199332650748,Weak Correlation,0.8311580066734925
BNB,TSLA,0.1684365021867389,Weak Correlation,0.8315634978132611
ETH,JPM,0.16817272162706448,Weak Correlation,0.8318272783729355
AAPL,BTC,0.16452599079121308,Weak Correlation,0.8354740092087869
AAPL,XRP,0.16177663589167993,Weak Correlation,0.8382233641083201
BNB,MSFT,0.16146985862265237,Weak Correlation,0.8385301413773476
BNB,GOOGL,0.15876510829744964,Weak Correlation,0.8412348917025504
BTC,V,0.15794724069125937,Weak Correlation,0.8420527593087406
AMZN,XRP,0.15767949653283825,Weak Correlation,0.8423205034671617
BTC,JPM,0.1570396193253668,Weak Correlation,0.8429603806746332
JPM,XRP,0.15672438988960133,Weak Correlation,0.8432756101103986
AMZN,BNB,0.15409966100731856,Weak Correlation,0.8459003389926815
AAPL,BNB,0.14618901505659096,Weak Correlation,0.853810984943409
META,XRP,0.14520615392475272,Weak Correlation,0.8547938460752473
BNB,JPM,0.144451435975674,Weak Correlation,0.855548564024326
BNB,V,0.13899432462758413,Weak Correlation,0.8610056753724159
V,XRP,0.13455016198527467,Weak Correlation,0.8654498380147253
